Workbook

Sheet Measurment 3rd floor
B1: TS INTERIOR Date:- 18.07.2020
B2: Site Name:-Dr. Dy Patil Nursing Hostel, Pimpri (3 Floor)
B3: Measurement-Sheet
B5: S.No. | D5: No. | E5: Length | F5: Breadth | G5: Quantity
E6: Feet-inch | F6: Feet-inch
A8: 301 | B8: 1 | C8: Tile Floor Fitting (1800x1200) | D8: 1 | E8: 6 | F8: 5 | G8: =E8*F8 -> 30
C9: Living Area | D9: 1 | E9: 19.33 | F9: 12.55 | G9: =E9*F9 -> 242.5915
D10: 1 | E10: 15.75 | F10: 10.8 | G10: =E10*F10 -> 170.1
D11: 1 | E11: 9.5 | F11: 6.33 | G11: =E11*F11 -> 60.135
D12: 1 | E12: 4.41 | F12: 2.91 | G12: =E12*F12 -> 12.8331
C13: Umbra | D13: 1 | E13: 2.41 | F13: 0.33 | G13: =E13*F13 -> 0.7953
C14: Umbra | D14: 2 | E14: 2.83 | F14: 0.75 | G14: =E14*F14 -> 2.1225
F15: Total | G15: =SUM(G8:G14) -> 518.5774
B16: 2 | C16: Tile Wash By Cera Clean & Cement Grout Filling
C17: Same Above Qty. | F17: Total | G17: 518.58
B19: 3 | C19: P V C Sheet Covering
C20: Same Above Qty. | F20: Total | G20: 518.58
B22: 4 | C22: Epoxy Grout Filling
C23: Same Above Qty. | F23: Total | G23: 518.58
B26: 5 | C26: I.P.S. Cement Finish Ghotai (Scceding) | D26: 1 | E26: 6 | F26: 5 | G26: =E26*F26 -> 30
D27: 1 | E27: 19.33 | F27: 12.55 | G27: =E27*F27 -> 242.5915
D28: 1 | E28: 15.75 | F28: 10.8 | G28: =E28*F28 -> 170.1
D29: 1 | E29: 9.5 | F29: 6.33 | G29: =E29*F29 -> 60.135
D30: 1 | E30: 4.41 | F30: 2.91 | G30: =E30*F30 -> 12.8331
D31: 1 | E31: 2.41 | F31: 0.33 | G31: =E31*F31 -> 0.7953
D32: 2 | E32: 2.83 | F32: 0.75 | G32: =E32*F32 -> 2.1225
D33: 1 | E33: 10.25 | F33: 10.08 | G33: =E33*F33 -> 103.32
F34: Total | G34: 518.58
B36: 6 | C36: Marble Top,Border & Jamb Fitting | D36: 1 | E36: 3.08 | G36: 3.08
F37: Total | G37: 3.08
B39: 7 | C39: Dhar Cuttting & Demolish | D39: 1 | E39: 3.08 | G39: 3.08
F40: Total | G40: 3.08
B42: 8 | C42: 3/4" Champer | D42: 2 | E42: 3.08 | G42: 6.16
F43: Total | G43: 6.16
B45: 9 | C45: Tile Skirting & Border Fitting (1800x1200) | D45: 1 | E45: 9.33 | G45: 9.33
D46: 1 | E46: 15 | G46: 15
D47: 1 | E47: 12.25 | G47: 12.25
D48: 1 | E48: 3.83 | G48: 3.83
D49: 1 | E49: 4.33 | G49: 4.33
D50: 1 | E50: 13.66 | G50: 13.66
D51: 1 | E51: 8.16 | G51: 8.16
D52: 1 | E52: 15 | G52: 15
D53: 1 | E53: 10 | G53: 10
F54: Total | G54: =SUM(G45:G53) -> 91.56
B56: 10 | C56: Tile Wash By Cera Clean & Cement Grout Filling
C57: Same Above Qty. | F57: Total | G57: 91.56
B59: 11 | C59: Epoxy Grout Filling
C60: Same Above Qty. | F60: Total | G60: 91.56
B62: 12 | C62: Zero Point Joint Making | D62: 11 | E62: 0.25 | G62: 2.75
F63: Total | G63: 2.75
B65: 13 | C65: Tile Floor Fitting (1800x1200) | D65: 1 | E65: 4.33 | F65: 1.25 | G65: 5.4
D66: 1 | E66: 4.33 | F66: 1 | G66: 4.33
F67: Total | G67: 9.73
B69: =+B65+1 -> 14 | C69: Tile Wash By Cera Clean & Cement Grout Filling
C70: Same Above Qty. | F70: Total | G70: 9.73
B72: 15 | C72: Epoxy Grout Filling
C73: Same Above Qty. | F73: Total | G73: 9.73
B75: 16 | C75: Marble Floor,Border & Jamb Fitting | D75: 2 | E75: 4.33 | F75: 1.25 | G75: 10.82
F76: Total | G76: 10.82
B78: 17 | C78: Edge Polish | D78: 2 | E78: 4.33 | G78: 8.66
F79: Total | G79: 8.66
B81: 18 | C81: Tile Skirting & Border Fitting (1800x1200) | D81: 1 | E81: 6.25 | G81: 6.25
D82: 1 | E82: 16.66 | G82: 16.66
D83: 1 | E83: 8.25 | G83: 8.25
D84: 1 | E84: 7.66 | G84: 7.66
D85: 2 | E85: 2.66 | G85: 5.33
F86: Total | G86: =SUM(G81:G85) -> 44.15
B88: 19 | C88: Tile Wash By Cera Clean & Cement Grout Filling
C89: Same Above Qty. | F89: Total | G89: 38.82
B91: 20 | C91: Epoxy Grout Filling
C92: Same Above Qty. | F92: Total | G92: 38.82
B94: 21 | C94: Zero Point Joint Making | D94: 8 | E94: 0.25 | G94: 2
F95: Total | G95: 2
B97: 22 | C97: Marble Top Floor | E97: 5.08 | F97: 1.25 | G97: 6.35
E98: 7.5 | F98: 1.25 | G98: 9.37
E99: 2.25 | F99: 5 | G99: 11.25
F100: Total | G100: 26.97
B102: 23 | C102: Edge Polish | E102: 7.58 | G102: 7.58
E103: 10 | G103: 10
E104: 2.25 | G104: 2.25
E105: 3.25 | G105: 3.25
F106: Total | G106: 23.08
B108: 24 | C108: Zero Point Joint Making | D108: 1 | E108: 2.66
D109: 2 | E109: 2.25
F110: Total
B112: 25 | C112: Mashan
C113: Tile Repair | D113: 1
B115: 26 | C115: Halper | D115: 1
B117: 27 | C117: Desigh Wall Tile(6"x3") | E117: 6.83 | F117: 2.75 | G117: 18.78
F118: Total | G118: 18.78
B120: 28 | C120: Tile Wash By Cera Clean & Cement Grout Filling
C121: Same Above Qty. | F121: Total | G121: 18.78
B123: 29 | C123: Epoxy Grout Filling
C124: Same Above Qty. | F124: Total | G124: 18.78
B126: 30 | C126: Tile Floor Fitting (600x600) | E126: 11.83 | F126: 8.91 | G126: 105.4
C127: Balkani | F127: Total | G127: 105.4
B129: 31 | C129: Tile Wash By Cera Clean & Cement Grout Filling
C130: Same Above Qty. | F130: Total | G130: 105.4
B132: 32 | C132: Epoxy Grout Filling
C133: Same Above Qty. | F133: Total | G133: 105.4
...

Sheet Abc 
A1: TS INTERIOR Date:-21.07.2020
A2: ABSTRACT SHEET (3rd Floor)
A3: S.No. | B3: Description | C3: Quqntity | D3: S.No. | E3: Description | F3: Quqntity
C4: Sft./Rft. | F4: Sft./Rft.
A5: 1 | B5: Tile Floor(1500x800) | C5: =+'Measurment 3rd floor'!G14 -> 2.1225 | D5: =+A44+1 -> 4 | E5: Tile Border (1500x800) | F5: =+'Measurment 3rd floor'!G94 -> 2
C6: =+'Measurment 3rd floor'!G491 -> 0 | F6: =+'Measurment 3rd floor'!G545 -> 4.16
C7: =+'Measurment 3rd floor'!#REF! -> #REF! | F7: =+'Measurment 3rd floor'!#REF! -> #REF!
C8: =+'Measurment 3rd floor'!#REF! -> #REF! | F8: =+'Measurment 3rd floor'!#REF! -> #REF!
C9: =+'Measurment 3rd floor'!#REF! -> #REF! | F9: =+'Measurment 3rd floor'!#REF! -> #REF!
C10: =+'Measurment 3rd floor'!#REF! -> #REF! | F10: =+'Measurment 3rd floor'!#REF! -> #REF!
C11: =+'Measurment 3rd floor'!#REF! -> #REF! | F11: =+'Measurment 3rd floor'!#REF! -> #REF!
C12: =+'Measurment 3rd floor'!#REF! -> #REF! | F12: =+'Measurment 3rd floor'!#REF! -> #REF!
C13: =+'Measurment 3rd floor'!#REF! -> #REF! | F13: =+'Measurment 3rd floor'!#REF! -> #REF!
C14: =+'Measurment 3rd floor'!#REF! -> #REF! | F14: =+'Measurment 3rd floor'!#REF! -> #REF!
C15: =+'Measurment 3rd floor'!#REF! -> #REF! | E15: Total | F15: =SUM(F5:F14) -> #REF!
C16: =+'Measurment 3rd floor'!#REF! -> #REF!
B17: Total | C17: =SUM(C5:C16) -> #REF! | D17: =+D5+1 -> 5 | E17: Tile Floor (800x400) | F17: =+'Measurment 3rd floor'!G247 -> 0
F18: =+'Measurment 3rd floor'!#REF! -> #REF!
A19: =+A5+1 -> 2 | B19: Tile Skirting (1500x800) | C19: =+'Measurment 3rd floor'!G44 -> 0 | F19: =+'Measurment 3rd floor'!#REF! -> #REF!
C20: =+'Measurment 3rd floor'!G63 -> 2.75 | F20: =+'Measurment 3rd floor'!#REF! -> #REF!
C21: =+'Measurment 3rd floor'!G507 -> 0 | F21: =+'Measurment 3rd floor'!#REF! -> #REF!
C22: =+'Measurment 3rd floor'!G524 -> 0 | F22: =+'Measurment 3rd floor'!#REF! -> #REF!
C23: =+'Measurment 3rd floor'!#REF! -> #REF! | F23: =+'Measurment 3rd floor'!#REF! -> #REF!
C24: =+'Measurment 3rd floor'!#REF! -> #REF! | F24: =+'Measurment 3rd floor'!#REF! -> #REF!
C25: =+'Measurment 3rd floor'!#REF! -> #REF! | F25: =+'Measurment 3rd floor'!#REF! -> #REF!
C26: =+'Measurment 3rd floor'!#REF! -> #REF! | F26: =+'Measurment 3rd floor'!#REF! -> #REF!
C27: =+'Measurment 3rd floor'!#REF! -> #REF! | F27: =+'Measurment 3rd floor'!#REF! -> #REF!
C28: =+'Measurment 3rd floor'!#REF! -> #REF! | E28: Total | F28: =SUM(F17:F27) -> #REF!
C29: =+'Measurment 3rd floor'!#REF! -> #REF!
C30: =+'Measurment 3rd floor'!#REF! -> #REF! | D30: =+D17+1 -> 6 | E30: Tile Dado(750x250) | F30: =+'Measurment 3rd floor'!G425 -> 7.08
C31: =+'Measurment 3rd floor'!#REF! -> #REF! | F31: =+'Measurment 3rd floor'!#REF! -> #REF!
C32: =+'Measurment 3rd floor'!#REF! -> #REF! | F32: =+'Measurment 3rd floor'!#REF! -> #REF!
C33: =+'Measurment 3rd floor'!#REF! -> #REF! | F33: =+'Measurment 3rd floor'!#REF! -> #REF!
C34: =+'Measurment 3rd floor'!#REF! -> #REF! | F34: =+'Measurment 3rd floor'!#REF! -> #REF!
C35: =+'Measurment 3rd floor'!#REF! -> #REF! | F35: =+'Measurment 3rd floor'!#REF! -> #REF!
C36: =+'Measurment 3rd floor'!#REF! -> #REF! | F36: =+'Measurment 3rd floor'!#REF! -> #REF!
C37: =+'Measurment 3rd floor'!#REF! -> #REF! | F37: =+'Measurment 3rd floor'!#REF! -> #REF!
C38: =+'Measurment 3rd floor'!#REF! -> #REF! | F38: =+'Measurment 3rd floor'!#REF! -> #REF!
C39: =+'Measurment 3rd floor'!#REF! -> #REF! | F39: =+'Measurment 3rd floor'!#REF! -> #REF!
C40: =+'Measurment 3rd floor'!#REF! -> #REF! | F40: =+'Measurment 3rd floor'!#REF! -> #REF!
C41: =+'Measurment 3rd floor'!#REF! -> #REF! | E41: Total | F41: =SUM(F30:F40) -> #REF!
B42: Total | C42: =SUM(C19:C41) -> #REF!
D43: =+D30+1 -> 7 | E43: Tile Border (25mmx600) | F43: =+'Measurment 3rd floor'!G436 -> 0
A44: =+A19+1 -> 3 | B44: Tile Dado(1500x800) | C44: =+'Measurment 3rd floor'!G84 -> 7.66 | F44: =+'Measurment 3rd floor'!#REF! -> #REF!
C45: =+'Measurment 3rd floor'!G539 -> 6.5 | F45: =+'Measurment 3rd floor'!#REF! -> #REF!
C46: =+'Measurment 3rd floor'!#REF! -> #REF! | F46: =+'Measurment 3rd floor'!#REF! -> #REF!
C47: =+'Measurment 3rd floor'!#REF! -> #REF! | F47: =+'Measurment 3rd floor'!#REF! -> #REF!
C48: =+'Measurment 3rd floor'!#REF! -> #REF! | F48: =+'Measurment 3rd floor'!#REF! -> #REF!
C49: =+'Measurment 3rd floor'!#REF! -> #REF! | F49: =+'Measurment 3rd floor'!#REF! -> #REF!
C50: =+'Measurment 3rd floor'!#REF! -> #REF! | F50: =+'Measurment 3rd floor'!#REF! -> #REF!
C51: =+'Measurment 3rd floor'!#REF! -> #REF! | F51: =+'Measurment 3rd floor'!#REF! -> #REF!
C52: =+'Measurment 3rd floor'!#REF! -> #REF! | F52: =+'Measurment 3rd floor'!#REF! -> #REF!
C53: =+'Measurment 3rd floor'!#REF! -> #REF! | F53: =+'Measurment 3rd floor'!#REF! -> #REF!
C54: =+'Measurment 3rd floor'!#REF! -> #REF! | E54: Total | F54: =SUM(F43:F53) -> #REF!
B55: Total | C55: =SUM(C44:C54) -> #REF!
A56: =+D43+1 -> 8 | B56: Tile Groove Grouting | C56: =+'Measurment 3rd floor'!G27 -> 242.5915 | E56: B/F | F56: =+C110 -> #REF!
C57: =+'Measurment 3rd floor'!G46 -> 15 | F57: =+'Measurment 3rd floor'!#REF! -> #REF!
C58: =+'Measurment 3rd floor'!G494 -> 5.5 | F58: =+'Measurment 3rd floor'!#REF! -> #REF!
C59: =+'Measurment 3rd floor'!G510 -> 14 | F59: =+'Measurment 3rd floor'!#REF! -> #REF!
C60: =+'Measurment 3rd floor'!#REF! -> #REF! | F60: =+'Measurment 3rd floor'!#REF! -> #REF!
C61: =+'Measurment 3rd floor'!#REF! -> #REF! | F61: =+'Measurment 3rd floor'!#REF! -> #REF!
C62: =+'Measurment 3rd floor'!#REF! -> #REF! | F62: =+'Measurment 3rd floor'!#REF! -> #REF!
C63: =+'Measurment 3rd floor'!#REF! -> #REF! | F63: =+'Measurment 3rd floor'!#REF! -> #REF!
C64: =+'Measurment 3rd floor'!#REF! -> #REF! | F64: =+'Measurment 3rd floor'!#REF! -> #REF!
C65: =+'Measurment 3rd floor'!#REF! -> #REF! | F65: =+'Measurment 3rd floor'!#REF! -> #REF!
C66: =+'Measurment 3rd floor'!#REF! -> #REF! | F66: =+'Measurment 3rd floor'!#REF! -> #REF!
C67: =+'Measurment 3rd floor'!#REF! -> #REF! | F67: =+'Measurment 3rd floor'!#REF! -> #REF!
C68: =+'Measurment 3rd floor'!#REF! -> #REF! | F68: =+'Measurment 3rd floor'!#REF! -> #REF!
C69: =+'Measurment 3rd floor'!#REF! -> #REF! | F69: =+'Measurment 3rd floor'!#REF! -> #REF!
C70: =+'Measurment 3rd floor'!#REF! -> #REF! | F70: =+'Measurment 3rd floor'!#REF! -> #REF!
C71: =+'Measurment 3rd floor'!#REF! -> #REF! | F71: =+'Measurment 3rd floor'!#REF! -> #REF!
... C79: =+'Measurment 3rd floor'!#REF! -> #REF! | F79: =+'Measurment 3rd floor'!#REF! -> #REF!
B80: Total | C80: =SUM(C56:C79) -> #REF! | F80: =+'Measurment 3rd floor'!#REF! -> #REF!
F81: =+'Measurment 3rd floor'!#REF! -> #REF!
A82: =+A56+1 -> 9 | B82: Tile Acid wash Cleaning | C82: =+'Measurment 3rd floor'!G30 -> 12.8331 | F82: =+'Measurment 3rd floor'!#REF! -> #REF!
C83: =+'Measurment 3rd floor'!G49 -> 4.33 | F83: =+'Measurment 3rd floor'!#REF! -> #REF!
C84: =+'Measurment 3rd floor'!G67 -> 9.73 | F84: =+'Measurment 3rd floor'!#REF! -> #REF!
C85: =+'Measurment 3rd floor'!G87 -> 0 | F85: =+'Measurment 3rd floor'!#REF! -> #REF!
C86: =+'Measurment 3rd floor'!G96 -> 0 | F86: =+'Measurment 3rd floor'!#REF! -> #REF!
C87: =+'Measurment 3rd floor'!G250 -> 0 | F87: =+'Measurment 3rd floor'!#REF! -> #REF!
C88: =+'Measurment 3rd floor'!G428 -> 1 | F88: =+'Measurment 3rd floor'!#REF! -> #REF!
C89: =+'Measurment 3rd floor'!G438 -> 72.56 | F89: =+'Measurment 3rd floor'!#REF! -> #REF!
C90: =+'Measurment 3rd floor'!G497 -> 5.25 | F90: =+'Measurment 3rd floor'!#REF! -> #REF!
C91: =+'Measurment 3rd floor'!G513 -> 7 | F91: =+'Measurment 3rd floor'!#REF! -> #REF!
C92: =+'Measurment 3rd floor'!G526 -> 0 | F92: =+'Measurment 3rd floor'!#REF! -> #REF!
C93: =+'Measurment 3rd floor'!G541 -> 0 | F93: =+'Measurment 3rd floor'!#REF! -> #REF!
C94: =+'Measurment 3rd floor'!#REF! -> #REF! | F94: =+'Measurment 3rd floor'!#REF! -> #REF!
C95: =+'Measurment 3rd floor'!#REF! -> #REF! | F95: =+'Measurment 3rd floor'!#REF! -> #REF!
C96: =+'Measurment 3rd floor'!#REF! -> #REF! | F96: =+'Measurment 3rd floor'!#REF! -> #REF!
C97: =+'Measurment 3rd floor'!#REF! -> #REF! | F97: =+'Measurment 3rd floor'!#REF! -> #REF!
C98: =+'Measurment 3rd floor'!#REF! -> #REF! | F98: =+'Measurment 3rd floor'!#REF! -> #REF!
C99: =+'Measurment 3rd floor'!#REF! -> #REF! | F99: =+'Measurment 3rd floor'!#REF! -> #REF!
C100: =+'Measurment 3rd floor'!#REF! -> #REF! | F100: =+'Measurment 3rd floor'!#REF! -> #REF!
C101: =+'Measurment 3rd floor'!#REF! -> #REF! | F101: =+'Measurment 3rd floor'!#REF! -> #REF!
C102: =+'Measurment 3rd floor'!#REF! -> #REF! | F102: =+'Measurment 3rd floor'!#REF! -> #REF!
C103: =+'Measurment 3rd floor'!#REF! -> #REF! | F103: =+'Measurment 3rd floor'!#REF! -> #REF!
C104: =+'Measurment 3rd floor'!#REF! -> #REF! | F104: =+'Measurment 3rd floor'!#REF! -> #REF!
C105: =+'Measurment 3rd floor'!#REF! -> #REF! | F105: =+'Measurment 3rd floor'!#REF! -> #REF!
... C109: =+'Measurment 3rd floor'!#REF! -> #REF! | F109: =+'Measurment 3rd floor'!#REF! -> #REF!
B110: C/F | C110: =SUM(C82:C109) -> #REF! | E110: C/F | F110: =SUM(F56:F109) -> #REF!
...

Sheet Total
A1: Supplier Details | C1: Recever Details
A2: TS INTERIOR | C2: Site Name :-Dr. Dy Patil Nursing Hostel,Pimpri
A3: Flat No A/1104,Royal Corts Anand Park | C3: Date :-12.10.2020
A4: Dange Chowk Thergaon Pune -411033
A5: PHONE :-9822834278
A6: Bill For 3rd Floor Tile & Italian Marble Floor & Granite Work
A7: S.No. | B7: Description | C7: Unit | D7: Total | E7: Rate | F7: Rate | G7: Amount
D8: Quantity | E8: OLD | G8: Rs.
A9: 1 | B9: Tile Floor(1500x800) | C9: Sft | D9: =+'Abc '!C17 -> #REF! | E9: 50.4 | F9: 50.4 | G9: =+F9*D9 -> #REF!
A11: =+A9+1 -> 2 | B11: Tile Skirting (1500x800) | C11: Rft | D11: =+'Abc '!C42 -> #REF! | E11: 50.4 | F11: 50.4 | G11: =+F11*D11 -> #REF!
A13: =+A11+1 -> 3 | B13: Tile Dado(1500x800) | C13: Sft | D13: =+'Abc '!C55 -> #REF! | E13: 70 | F13: 70 | G13: =+F13*D13 -> #REF!
A15: =+A13+1 -> 4 | B15: Tile Border (1500x800) | C15: Rft | D15: =+'Abc '!F15 -> #REF! | E15: 50.4 | F15: 50.4 | G15: =+F15*D15 -> #REF!
A17: =+A15+1 -> 5 | B17: Tile Floor (800x400) | C17: Sft | D17: =+'Abc '!F28 -> #REF! | E17: 50.4 | F17: 50.4 | G17: =+F17*D17 -> #REF!
A19: =+A17+1 -> 6 | B19: Tile Dado(750x250) | C19: Sft | D19: =+'Abc '!F41 -> #REF! | E19: 50.4 | F19: 50.4 | G19: =+F19*D19 -> #REF!
A21: =+A19+1 -> 7 | B21: Tile Border (25mmx600) | C21: Rft | D21: =+'Abc '!F54 -> #REF! | E21: 33.6 | F21: 33.6 | G21: =+F21*D21 -> #REF!
A23: =+A21+1 -> 8 | B23: Tile Groove Grouting | C23: Sft/Rft | D23: =+'Abc '!C80 -> #REF! | E23: 26.4 | F23: 26.4 | G23: =+F23*D23 -> #REF!
A25: =+A23+1 -> 9 | B25: Tile Acid wash Cleaning | C25: Sft/Rft | D25: =+'Abc '!C120 -> #REF! | E25: 4 | F25: 4 | G25: =+F25*D25 -> #REF!
A27: =+A25+1 -> 10 | B27: Italian Marble Dado | C27: Sft | D27: =+'Abc '!C134 -> #REF! | E27: 110 | F27: 110 | G27: =+F27*D27 -> #REF!
A29: =+A27+1 -> 11 | B29: Italian Marble Dado Mirror Polish | C29: Sft | D29: =+'Abc '!C148 -> #REF! | E29: 60 | F29: 60 | G29: =+F29*D29 -> #REF!
A31: =+A29+1 -> 12 | B31: Italian Marble Border | C31: Rft | D31: =+'Abc '!F158 -> #REF! | E31: 90 | F31: 90 | G31: =+F31*D31 -> #REF!
A33: =+A31+1 -> 13 | B33: Italian Marble Border Mirror Polish | C33: Rft/Sft | D33: =+'Abc '!C213 -> #REF! | E33: 60 | F33: 60 | G33: =+F33*D33 -> #REF!
A35: =+A33+1 -> 14 | B35: Italian Marble Skirting | C35: Rft | D35: =+'Abc '!F188 -> #REF! | E35: 90 | F35: 90 | G35: =+F35*D35 -> #REF!
A37: =+A35+1 -> 15 | B37: Italian Marble Skirting Mirror Polish | C37: Rft | D37: =+'Abc '!F212 -> #REF! | E37: 60 | F37: 60 | G37: =+F37*D37 -> #REF!
A39: =+A37+1 -> 16 | B39: Italian Marble Window/Door Jamb | C39: Rft | D39: =+'Abc '!C280 -> #REF! | E39: 90 | F39: 90 | G39: =+F39*D39 -> #REF!
A41: =+A39+1 -> 17 | B41: Italian Marble Window/Door Jamb Mirror Polish | C41: Rft | D41: =+'Abc '!F278 -> #REF! | E41: 60 | F41: 60 | G41: =+F41*D41 -> #REF!
A43: =+A41+1 -> 18 | B43: Italian Marble Counter | C43: Rft | D43: =+'Abc '!C292 -> #REF! | E43: 720 | F43: 720 | G43: =+F43*D43 -> #REF!
A45: =+A43+1 -> 19 | B45: Italian Marble Basin Counter | C45: Rft | D45: =+'Abc '!C305 -> #REF! | E45: 720 | F45: 720 | G45: =+F45*D45 -> #REF!
A47: =+A45+1 -> 20 | B47: Italian Marble Counter Top Mirror Polish | C47: Sft | D47: =+'Abc '!C318 -> #REF! | E47: 60 | F47: 60 | G47: =+F47*D47 -> #REF!
A49: =+A47+1 -> 21 | B49: Italian Marble Floor | C49: Sft | D49: =+'Abc '!C320 -> #REF! | E49: 90 | F49: 90 | G49: =+F49*D49 -> #REF!
A51: =+A49+1 -> 22 | B51: Italian Marble Desgin Floor | C51: Sft | D51: =+'Abc '!C322 -> #REF! | E51: 1100 | F51: 800 | G51: =+F51*D51 -> #REF!
E53: C/F | F53: C/F | G53: =SUM(G9:G52) -> #REF!
E55: B/F | F55: B/F | G55: =+G53 -> #REF!
A57: =+A51+1 -> 23 | B57: Italian Marble Floor Mirror Polish | C57: Sft | D57: =+'Abc '!C327 -> #REF! | E57: 60 | F57: 60 | G57: =+F57*D57 -> #REF!
A59: =+A57+1 -> 24 | B59: 9'' Design Skirting 4 Border Making & Polish | C59: Rft | D59: =+'Abc '!F281 -> #REF! | E59: 1000 | F59: 800 | G59: =+F59*D59 -> #REF!
A61: =+A59+1 -> 25 | B61: Granite Window Suport Jamb | C61: Rft | D61: =+'Abc '!F314 -> #REF! | E61: 72 | F61: 72 | G61: =+F61*D61 -> #REF!
A63: =+A61+1 -> 26 | B63: Granite Dado | C63: Sft | D63: =+'Abc '!F327 -> #REF! | E63: 72 | F63: 72 | G63: =+F63*D63 -> #REF!
A65: =+A63+1 -> 27 | B65: Granite Floor | C65: Sft | D65: =+'Abc '!F329 -> #REF! | E65: 72 | F65: 72 | G65: =+F65*D65 -> #REF!
A67: =+A65+1 -> 28 | B67: Granite Skirting | C67: Rft | D67: =+'Abc '!F331 -> #REF! | E67: 66 | F67: 66 | G67: =+F67*D67 -> #REF!
A69: =+A67+1 -> 29 | B69: Granite Border | C69: Rft | D69: =+'Abc '!C347 -> #REF! | E69: 72 | F69: 72 | G69: =+F69*D69 -> #REF!
A71: =+A69+1 -> 30 | B71: Granider Raugh Making | C71: Sft | D71: =+'Abc '!C360 -> #REF! | E71: 18 | F71: 18 | G71: =+F71*D71 -> #REF!
A73: =+A71+1 -> 31 | B73: PCC Work | C73: Sft | D73: =+'Abc '!C374 -> #REF! | E73: 20.4 | F73: 20.4 | G73: =+F73*D73 -> #REF!
A75: =+A73+1 -> 32 | B75: Demolish | C75: Sft | D75: =+'Abc '!C378 -> #REF! | E75: 21.6 | F75: 21.6 | G75: =+F75*D75 -> #REF!
A77: =+A75+1 -> 33 | B77: V Groove | C77: Rft | D77: =+'Abc '!C392 -> #REF! | E77: 96 | F77: 96 | G77: =+F77*D77 -> #REF!
A79: =+A77+1 -> 34 | B79: Champher | C79: Rft | D79: =+'Abc '!F368 -> #REF! | E79: 72 | F79: 72 | G79: =+F79*D79 -> #REF!
A81: =+A79+1 -> 35 | B81: Full Moulding | C81: Rft | D81: =+'Abc '!F378 -> #REF! | E81: 86.4 | F81: 86.4 | G81: =+F81*D81 -> #REF!
A83: =+A81+1 -> 36 | B83: Patta Champher | C83: Rft | D83: =+'Abc '!F391 -> #REF! | E83: 115.2 | F83: 115.2 | G83: =+F83*D83 -> #REF!
A85: =+A83+1 -> 37 | B85: Champher 1 1/2" | C85: Rft | D85: =+'Abc '!C401 -> #REF! | E85: 132 | F85: 132 | G85: =+F85*D85 -> #REF!
A87: =+A85+1 -> 38 | B87: Zero Joit Point | C87: Rft | D87: =+'Abc '!F414 -> #REF! | E87: 96 | F87: 96 | G87: =+F87*D87 -> #REF!
A89: =+A87+1 -> 39 | B89: Bullnose Moulding (patren Moulding) | C89: Rft | D89: =+'Abc '!F503 -> #REF! | E89: 96 | F89: 96 | G89: =+F89*D89 -> #REF!
A91: =+A89+1 -> 40 | B91: Edge Polish | C91: Rft | D91: =+'Abc '!F559 -> #REF! | E91: 26.4 | F91: 26.4 | G91: =+F91*D91 -> #REF!
A93: =+A91+1 -> 41 | B93: Drill Hole | C93: Nos | D93: =+'Abc '!C589 -> #REF! | E93: 144 | F93: 144 | G93: =+F93*D93 -> #REF!
A95: =+A93+1 -> 42 | B95: Nhani Trap Jali | C95: Nos | D95: =+'Abc '!C613 -> #REF! | E95: 90 | F95: 90 | G95: =+F95*D95 -> #REF!
A97: =+A95+1 -> 43 | B97: Basin Gall Cutting Hole | C97: Nos | D97: =+'Abc '!F575 -> #REF! | E97: 840 | F97: 840 | G97: =+F97*D97 -> #REF!
A99: =+A97+1 -> 44 | B99: PVC Bubble Sheet Covering | C99: Sft | D99: =+'Abc '!F590 -> #REF! | E99: 8.4 | F99: 8.4 | G99: =+F99*D99 -> #REF!
D103: Total Amount | G103: =SUM(G55:G102) -> #REF!

Sheet Sheet1
A1: Supplier Details | C1: Recever Details
A2: TS INTERIOR | C2: Site Name :-Dr. Dy Patil Nursing Hostel,Pimpri
A3: Flat No A/1104,Royal Corts Anand Park | C3: Date :-12.10.2020
A4: Dange Chowk Thergaon Pune -411033
A5: PHONE :-9822834278
A6: Bill For 3rd Floor Tile & Italian Marble Floor & Granite Work
A7: S.No. | B7: Description | C7: Unit | D7: Bill | E7: Bill | F7: Bill | G7: Ground | H7: Stair | I7: Total | J7: Rate | K7: Total
D8: No.03 | E8: No.01 | F8: No.02 | G8: Floor | H8: Case | I8: Qty
A9: 1 | B9: Tile Floor(1500x800) | C9: Sft | D9: =+'Abc '!C17 -> #REF! | E9: 1615.48 | F9: 2504.28 | H9: 94.84 | I9: =+SUM(D9:H9) -> #REF! | J9: 50.4 | K9: =+J9*I9 -> #REF!
A11: =+A9+1 -> 2 | B11: Tile Skirting (1500x800) | C11: Rft | D11: =+'Abc '!C42 -> #REF! | E11: 398.76 | F11: 708.36 | H11: 29.15 | I11: =+SUM(D11:H11) -> #REF! | J11: 50.4 | K11: =+J11*I11 -> #REF!
A13: =+A11+1 -> 3 | B13: Tile Dado(1500x800) | C13: Sft | D13: =+'Abc '!C55 -> #REF! | E13: 481.01 | F13: 1032.93 | I13: =+SUM(D13:H13) -> #REF! | J13: 70 | K13: =+J13*I13 -> #REF!
A15: =+A13+1 -> 4 | B15: Tile Border (1500x800) | C15: Rft | D15: =+'Abc '!F15 -> #REF! | E15: 7.16 | F15: 165.23 | I15: =+SUM(D15:H15) -> #REF! | J15: 50.4 | K15: =+J15*I15 -> #REF!
A17: =+A15+1 -> 5 | B17: Tile Floor (800x400) | C17: Sft | D17: =+'Abc '!F28 -> #REF! | E17: 87.93 | F17: 174.86 | I17: =+SUM(D17:H17) -> #REF! | J17: 50.4 | K17: =+J17*I17 -> #REF!
A19: =+A17+1 -> 6 | B19: Tile Dado(750x250) | C19: Sft | D19: =+'Abc '!F41 -> #REF! | E19: 605.14 | F19: 1283.37 | I19: =+SUM(D19:H19) -> #REF! | J19: 50.4 | K19: =+J19*I19 -> #REF!
A21: =+A19+1 -> 7 | B21: Tile Border (25mmx600) | C21: Rft | D21: =+'Abc '!F54 -> #REF! | E21: 57.34 | F21: 152.44 | I21: =+SUM(D21:H21) -> #REF! | J21: 33.6 | K21: =+J21*I21 -> #REF!
A23: =+A21+1 -> 8 | B23: Tile Groove Grouting | C23: Sft/Rft | D23: =+'Abc '!C80 -> #REF! | E23: 2005.82 | F23: 3087.56 | G23: 8972.03 | H23: 29.15 | I23: =+SUM(D23:H23) -> #REF! | J23: 26.4 | K23: =+J23*I23 -> #REF!
A25: =+A23+1 -> 9 | B25: Tile Acid wash Cleaning | C25: Sft/Rft | D25: =+'Abc '!C120 -> #REF! | E25: 4039.93 | F25: 6021.47 | G25: 9658.19 | H25: 1185.46 | I25: =+SUM(D25:H25) -> #REF! | J25: 4 | K25: =+J25*I25 -> #REF!
A27: =+A25+1 -> 10 | B27: Italian Marble Dado | C27: Sft | D27: =+'Abc '!C134 -> #REF! | E27: 578.7 | F27: 240.43 | G27: 793.82 | H27: 4.3 | I27: =+SUM(D27:H27) -> #REF! | J27: 110 | K27: =+J27*I27 -> #REF!
A29: =+A27+1 -> 11 | B29: Italian Marble Dado Mirror Polish | C29: Sft | D29: =+'Abc '!C148 -> #REF! | E29: 637.61 | F29: 240.43 | G29: 705.98 | H29: 4.3 | I29: =+SUM(D29:H29) -> #REF! | J29: 60 | K29: =+J29*I29 -> #REF!
A31: =+A29+1 -> 12 | B31: Italian Marble Border | C31: Rft | D31: =+'Abc '!F158 -> #REF! | E31: 1138.93 | F31: 1870.92 | G31: 1099.99 | H31: 110.14 | I31: =+SUM(D31:H31) -> #REF! | J31: 90 | K31: =+J31*I31 -> #REF!
A33: =+A31+1 -> 13 | B33: Italian Marble Border Mirror Polish | C33: Rft/Sft | D33: =+'Abc '!C213 -> #REF! | E33: 1223.65 | F33: 1790.06 | G33: 1072.57 | H33: 462.68 | I33: =+SUM(D33:H33) -> #REF! | J33: 60 | K33: =+J33*I33 -> #REF!
A35: =+A33+1 -> 14 | B35: Italian Marble Skirting | C35: Rft | D35: =+'Abc '!F188 -> #REF! | E35: 216.16 | F35: 497.77 | G35: 11.5 | I35: =+SUM(D35:H35) -> #REF! | J35: 90 | K35: =+J35*I35 -> #REF!
A37: =+A35+1 -> 15 | B37: Italian Marble Skirting Mirror Polish | C37: Rft | D37: =+'Abc '!F212 -> #REF! | E37: 246.3 | F37: 497.77 | G37: 11.5 | H37: 84.14 | I37: =+SUM(D37:H37) -> #REF! | J37: 60 | K37: =+J37*I37 -> #REF!
A39: =+A37+1 -> 16 | B39: Italian Marble Window/Door Jamb | C39: Rft | D39: =+'Abc '!C280 -> #REF! | E39: 891.75 | F39: 1536.6 | H39: 152.44 | I39: =+SUM(D39:H39) -> #REF! | J39: 90 | K39: =+J39*I39 -> #REF!
A41: =+A39+1 -> 17 | B41: Italian Marble Window/Door Jamb Mirror Polish | C41: Rft | D41: =+'Abc '!F278 -> #REF! | E41: 947.55 | F41: 1651.3 | H41: 152.44 | I41: =+SUM(D41:H41) -> #REF! | J41: 60 | K41: =+J41*I41 -> #REF!
A43: =+A41+1 -> 18 | B43: Italian Marble Counter | C43: Rft | D43: =+'Abc '!C292 -> #REF! | E43: 13.25 | F43: 24.75 | I43: =+SUM(D43:H43) -> #REF! | J43: 720 | K43: =+J43*I43 -> #REF!
A45: =+A43+1 -> 19 | B45: Italian Marble Basin Counter | C45: Rft | D45: =+'Abc '!C305 -> #REF! | E45: 34.98 | F45: 54.07 | I45: =+SUM(D45:H45) -> #REF! | J45: 720 | K45: =+J45*I45 -> #REF!
A47: =+A45+1 -> 20 | B47: Italian Marble Counter Top Mirror Polish | C47: Sft | D47: =+'Abc '!C318 -> #REF! | E47: 113.29 | F47: 153.31 | I47: =+SUM(D47:H47) -> #REF! | J47: 60 | K47: =+J47*I47 -> #REF!
A49: =+A47+1 -> 21 | B49: Italian Marble Floor | C49: Sft | D49: =+'Abc '!C320 -> #REF! | E49: 519.34 | F49: 438.48 | G49: 628.57 | H49: 174.09 | I49: =+SUM(D49:H49) -> #REF! | J49: 90 | K49: =+J49*I49 -> #REF!
A51: =+A49+1 -> 22 | B51: Italian Marble Desgin Floor | C51: Sft | D51: =+'Abc '!C322 -> #REF! | E51: 137.28 | F51: 137.28 | I51: =+SUM(D51:H51) -> #REF! | J51: 1100 | K51: =+J51*I51 -> #REF!
A53: =+A51+1 -> 23 | B53: Italian Marble Floor Mirror Polish | C53: Sft | D53: =+'Abc '!C327 -> #REF! | E53: 662.72 | F53: 575.76 | G53: 606.89 | H53: 174.09 | I53: =+SUM(D53:H53) -> #REF! | J53: 60 | K53: =+J53*I53 -> #REF!
A55: =+A53+1 -> 24 | B55: 9'' Design Skirting 4 Border Making & Polish | C55: Rft | D55: =+'Abc '!F281 -> #REF! | E55: 205.88 | F55: 180.9 | H55: 152.97 | I55: =+SUM(D55:H55) -> #REF! | J55: 1000 | K55: =+J55*I55 -> #REF!
A57: =+A55+1 -> 25 | B57: Granite Window Suport Jamb | C57: Rft | D57: =+'Abc '!F314 -> #REF! | E57: 471.17 | F57: 742.51 | G57: 1278.71 | H57: 202.24 | I57: =+SUM(D57:H57) -> #REF! | J57: 72 | K57: =+J57*I57 -> #REF!
A59: =+A57+1 -> 26 | B59: Granite Dado | C59: Sft | D59: =+'Abc '!F327 -> #REF! | F59: 100.79 | G59: 2.51 | I59: =+SUM(D59:H59) -> #REF! | J59: 72 | K59: =+J59*I59 -> #REF!
A61: =+A59+1 -> 27 | B61: Granite Floor | C61: Sft | D61: =+'Abc '!F329 -> #REF! | H61: 253.98 | I61: =+SUM(D61:H61) -> #REF! | J61: 72 | K61: =+J61*I61 -> #REF!
A63: =+A61+1 -> 28 | B63: Granite Skirting | C63: Rft | D63: =+'Abc '!F331 -> #REF! | G63: 37.62 | H63: 199.98 | I63: =+SUM(D63:H63) -> #REF! | J63: 66 | K63: =+J63*I63 -> #REF!
A65: =+A63+1 -> 29 | B65: Granite Border | C65: Rft | D65: =+'Abc '!C347 -> #REF! | F65: 159.5 | I65: =+SUM(D65:H65) -> #REF! | J65: 72 | K65: =+J65*I65 -> #REF!
A67: =+A65+1 -> 30 | B67: Granider Raugh Making | C67: Sft | D67: =+'Abc '!C360 -> #REF! | E67: 16.84 | F67: 247.79 | I67: =+SUM(D67:H67) -> #REF! | J67: 18 | K67: =+J67*I67 -> #REF!
A69: =+A67+1 -> 31 | B69: PCC Work | C69: Sft | D69: =+'Abc '!C374 -> #REF! | E69: 63.42 | F69: 121.38 | I69: =+SUM(D69:H69) -> #REF! | J69: 20.4 | K69: =+J69*I69 -> #REF!
A71: =+A69+1 -> 32 | B71: Demolish | C71: Sft | D71: =+'Abc '!C378 -> #REF! | E71: 122.3 | F71: 214 | I71: =+SUM(D71:H71) -> #REF! | J71: 21.6 | K71: =+J71*I71 -> #REF!
A73: =+A71+1 -> 33 | B73: V Groove | C73: Rft | D73: =+'Abc '!C392 -> #REF! | E73: 18.73 | F73: 220.52 | G73: 286.73 | H73: 617.5 | I73: =+SUM(D73:H73) -> #REF! | J73: 96 | K73: =+J73*I73 -> #REF!
A75: =+A73+1 -> 34 | B75: Champher | C75: Rft | D75: =+'Abc '!F368 -> #REF! | E75: 89.2 | F75: 540.54 | G75: 854.76 | H75: 554.41 | I75: =+SUM(D75:H75) -> #REF! | J75: 72 | K75: =+J75*I75 -> #REF!
A77: =+A75+1 -> 35 | B77: Full Moulding | C77: Rft | D77: =+'Abc '!F378 -> #REF! | E77: 86.79 | F77: 53.33 | G77: 81.97 | H77: 428.74 | I77: =+SUM(D77:H77) -> #REF! | J77: 86.4 | K77: =+J77*I77 -> #REF!
A79: =+A77+1 -> 36 | B79: Patta Champher | C79: Rft | D79: =+'Abc '!F391 -> #REF! | E79: 34.9 | F79: 54.07 | I79: =+SUM(D79:H79) -> #REF! | J79: 115.2 | K79: =+J79*I79 -> #REF!
A81: =+A79+1 -> 37 | B81: Champher 1 1/2" | C81: Rft | D81: =+'Abc '!C401 -> #REF! | F81: 46.08 | G81: 78.55 | H81: 428.74 | I81: =+SUM(D81:H81) -> #REF! | J81: 132 | K81: =+J81*I81 -> #REF!
A83: =+A81+1 -> 38 | B83: Zero Joit Point | C83: Rft | D83: =+'Abc '!F414 -> #REF! | E83: 732.31 | F83: 788.19 | G83: 378.97 | H83: 74.87 | I83: =+SUM(D83:H83) -> #REF! | J83: 96 | K83: =+J83*I83 -> #REF!
A85: =+A83+1 -> 39 | B85: Bullnose Moulding (patren Moulding) | C85: Rft | D85: =+'Abc '!F503 -> #REF! | E85: 1251.84 | F85: 2506.56 | G85: 477.09 | H85: 453.61 | I85: =+SUM(D85:H85) -> #REF! | J85: 96 | K85: =+J85*I85 -> #REF!
A87: =+A85+1 -> 40 | B87: Edge Polish | C87: Rft | D87: =+'Abc '!F559 -> #REF! | E87: 1790.65 | F87: 2101.96 | G87: 1920.17 | H87: 1561.44 | I87: =+SUM(D87:H87) -> #REF! | J87: 26.4 | K87: =+J87*I87 -> #REF!
A89: =+A87+1 -> 41 | B89: Drill Hole | C89: Nos | D89: =+'Abc '!C589 -> #REF! | E89: 99 | F89: 227 | G89: 47 | I89: =+SUM(D89:H89) -> #REF! | J89: 144 | K89: =+J89*I89 -> #REF!
A91: =+A89+1 -> 42 | B91: Nhani Trap Jali | C91: Nos | D91: =+'Abc '!C613 -> #REF! | E91: 15 | F91: 33 | G91: 5 | I91: =+SUM(D91:H91) -> #REF! | J91: 90 | K91: =+J91*I91 -> #REF!
A93: =+A91+1 -> 43 | B93: Basin Gall Cutting Hole | C93: Nos | D93: =+'Abc '!F575 -> #REF! | E93: 9 | F93: 21 | G93: 5 | I93: =+SUM(D93:H93) -> #REF! | J93: 840 | K93: =+J93*I93 -> #REF!
A95: =+A93+1 -> 44 | B95: PVC Bubble Sheet Covering | C95: Sft | D95: =+'Abc '!F590 -> #REF! | E95: 2316.38 | F95: 2174.5 | G95: 606.9 | I95: =+SUM(D95:H95) -> #REF! | J95: 8.4 | K95: =+J95*I95 -> #REF!
A97: =+A95+1 -> 45 | B97: Tile Border (750x250) | C97: Rft | E97: 309.71 | I97: =+SUM(D97:H97) -> 309.71 | J97: 50.4 | K97: =+J97*I97 -> 15609.384
A99: =+A97+1 -> 46 | B99: Granite Top | C99: Rft | E99: 35.81 | I99: =+SUM(D99:H99) -> 35.81 | J99: 72 | K99: =+J99*I99 -> 2578.32
A101: =+A99+1 -> 47 | B101: Granite Dado 40mm | C101: Sft | E101: 4.85 | I101: =+SUM(D101:H101) -> 4.85 | J101: 78 | K101: =+J101*I101 -> 378.3
A103: =+A101+1 -> 48 | B103: Granite Skirting/Top/Border 40mm | C103: Rft | F103: 690.32 | I103: =+SUM(D103:H103) -> 690.32 | J103: 78 | K103: =+J103*I103 -> 53844.96
A105: =+A103+1 -> 49 | B105: Granite Floor 40mm | C105: Sft | F105: 36.76 | I105: =+SUM(D105:H105) -> 36.76 | J105: 78 | K105: =+J105*I105 -> 2867.28
A107: =+A105+1 -> 50 | B107: Granite Skirting 40mm | C107: Rft | F107: 8.33 | I107: =+SUM(D107:H107) -> 8.33 | J107: 78 | K107: =+J107*I107 -> 649.74
A109: =+A107+1 -> 51 | B109: Granite Tappa/Riser | C109: Rft | G109: 159.35 | H109: 621.42 | I109: =+SUM(D109:H109) -> 780.77 | J109: 72 | K109: =+J109*I109 -> 56215.44
A111: =+A109+1 -> 52 | B111: Tile Floor (Paving Tile ) | C111: Sft | G111: 5239.79 | I111: =+SUM(D111:H111) -> 5239.79 | J111: 54 | K111: =+J111*I111 -> 282948.66
A113: =+A111+1 -> 53 | B113: Tile Floor (600x600) | C113: Sft | G113: 2952.52 | I113: =+SUM(D113:H113) -> 2952.52 | J113: 50.4 | K113: =+J113*I113 -> 148807.01
A115: =+A113+1 -> 54 | B115: Tile Skirting(600x600) | C115: Rft | G115: 587.81 | I115: =+SUM(D115:H115) -> 587.81 | J115: 31.2 | K115: =+J115*I115 -> 18339.672
A117: =+A115+1 -> 55 | B117: Tile Dado(600x600) | C117: Sft | G117: 249.66 | I117: =+SUM(D117:H117) -> 249.66 | J117: 33.6 | K117: =+J117*I117 -> 8388.576
A119: =+A117+1 -> 56 | B119: Tile Border(Paving Tile) | C119: Rft | G119: 257.55 | I119: =+SUM(D119:H119) -> 257.55 | J119: 54 | K119: =+J119*I119 -> 13907.7
A121: =+A119+1 -> 57 | B121: 9'' Desgin Tile Skirting 3 Border Making & Polish | C121: Rft | G121: 64.38 | I121: =+SUM(D121:H121) -> 64.38 | J121: 800 | K121: =+J121*I121 -> 51504
A123: =+A121+1 -> 58 | B123: Granite Counter | C123: Rft | G123: 14.4 | I123: =+SUM(D123:H123) -> 14.4 | J123: 750 | K123: =+J123*I123 -> 10800
A125: =+A123+1 -> 59 | B125: Granite Basin Counter | C125: Rft | G125: 12.46 | I125: 12.471 | J125: 750 | K125: =+J125*I125 -> 9353.25
A127: =+A125+1 -> 60 | B127: C Groove | C127: Rft | G127: 39.84 | I127: =+SUM(D127:H127) -> 39.84 | J127: 90 | K127: =+J127*I127 -> 3585.6
A129: =+A127+1 -> 61 | B129: L Groove | C129: Rft | G129: 5.82 | H129: 428.74 | I129: =+SUM(D129:H129) -> 434.56 | J129: 96 | K129: =+J129*I129 -> 41717.76
A131: =+A129+1 -> 62 | B131: Half Moulding | C131: Rft | G131: 52.2 | I131: =+SUM(D131:H131) -> 52.2 | J131: 72 | K131: =+J131*I131 -> 3758.4
A133: =+A131+1 -> 63 | B133: Cutting Demolish | C133: Rft | G133: 311.56 | H133: 110.14 | I133: =+SUM(D133:H133) -> 421.7 | J133: 21.6 | K133: =+J133*I133 -> 9108.72
A135: =+A133+1 -> 64 | B135: Door Closer Machine | C135: Nos | G135: 8 | I135: =+SUM(D135:H135) -> 8 | J135: 144 | K135: =+J135*I135 -> 1152
A137: =+A135+1 -> 65 | B137: SS Brass Patti | C137: Rft | G137: 5.5 | I137: =+SUM(D137:H137) -> 5.5 | J137: 54 | K137: =+J137*I137 -> 297
A139: =+A137+1 -> 66 | B139: Granite Cross Skirting | C139: Rft | H139: 78.48 | I139: =+SUM(D139:H139) -> 78.48 | J139: 72 | K139: =+J139*I139 -> 5650.56
A141: =+A139+1 -> 67 | B141: Italian Marble Tappa/Riser/Border Pest | C141: Rft | H141: 1717.64 | I141: =+SUM(D141:H141) -> 1717.64 | J141: 110 | K141: =+J141*I141 -> 188940.4
A143: =+A141+1 -> 68 | B143: Italian Marble Tappa Riser Mirror Polish | C143: Rft | H143: 720.91 | I143: =+SUM(D143:H143) -> 720.91 | J143: 60 | K143: =+J143*I143 -> 43254.6
A145: =+A143+1 -> 69 | B145: Italian Marble Cross Skirting | C145: Rft | H145: 84.14 | I145: =+SUM(D145:H145) -> 84.14 | J145: 150 | K145: =+J145*I145 -> 12621
A147: =+A145+1 -> 70 | B147: Tappa Demolish | C147: Rft | I147: 29.28 | J147: 21.4 | K147: =+J147*I147 -> 626.592
D152: Total Amount | K152: =SUM(K9:K151) -> #REF! | M152: 1934713.5
